type,circuit,level,name,comment,qq,zz,pbsb,id,*name,part,type,divisor/values,unit,comment
# Vaillant eloBlock VE24 (Art. 0010023696) hinter einem VR32/V32-Buskoppler auf
# Adresse 38. Der Koppler meldet sich selbst als V32, reicht die Vaillant-Befehle
# aber an das Geraet dahinter durch -- daher die BAI-Register ueber b509.
#
# Poll-Prioritaeten bewusst sparsam: ebusd liest EINE Nachricht je pollinterval
# und rotiert ueber alle mit Prioritaet. r1 bekommt nur, was sich im Betrieb
# aendert UND was kein anderer Busteilnehmer abfragt. Alles andere traegt kein
# r<n> und wird bei Bedarf (Top-up der Integration) gelesen.
*r,elo
*w,elo
# --- Live-Werte (rotieren in ebusd) -----------------------------------------
r1,,,FlowTemp,d.40 flow temperature,,,b509,0d1800,value,,D2C,,°C,temperature,ign,,IGN:1,,,
r1,,,PumpState,pump status,,,b511,01,ign,,IGN:6,,,,value,,UCH,0=off;1=on;2=overrun;4=hwc,,pump status
# Statuscode als Klartext (Vaillant S.xx). Werte direkt an Statenumber, KEINE
# zweite Nachricht aufs selbe Register 0dab00 (ebusd lehnt Duplikate ab). 24 =
# Warmwasserbetrieb ist feldverifiziert (14,45 kW + Vorlauf 57 °C gleichzeitig
# mit Statenumber 31->24). Unbekannte Codes zeigt ebusd als Zahl.
r1,,,Statenumber,status number,,,b509,0dab00,value,,UCH,0=kein_bedarf;4=heizen;7=pumpennachlauf;24=warmwasser;31=sommer;34=frostschutz,,
# d.05 (nicht d.09) laut Akeebaby #254; Name beibehalten, um die HA-Entitaet nicht zu brechen.
r1,,,FlowTempDemand,d.05 flow setpoint,,,b509,0d3900,value,,D2C,,°C,temperature
# --- Betriebsanzeigen (aus Akeebabys #254-Karte, gegen unseren Scan validiert) -
# Standardmaessig r (kein Poll): der eloBlock laeuft selten, das Top-up reicht.
# Bei Bedarf einzelne auf r1 setzen, um einen Lauf live zu verfolgen.
r,,,HeatingDemand,d.23 heating demand,,,b509,0d4000,value,,UCH,0=no;1=yes,,
r,,,HwcDemand,d.22 DHW demand,,,b509,0d5800,value,,UCH,0=no;1=yes,,
r,,,PositionValveSet,d.35 diverter valve,,,b509,0d5400,value,,UCH,0=heating;40=middle;100=dhw,,
r,,,ReturnTemp,d.41 return temperature,,,b509,0d9800,value,,D2C,,°C,temperature,ign,,IGN:2,,,,sensor,,UCH,0=ok;85=circuit;170=cutoff,,sensor status
r,,,ModulationDesired,modulation setpoint,,,b509,0d2e00,value,,SIN,10,%,modulation set point
r,,,WP,d.10 internal pump,,,b509,0d4400,value,,UCH,0=off;1=on,,
r,,,PumpPower,d.15 current pump power,,,b509,0d7300,value,,UCH,,,
r,,,Storageloadpump,d.12 storage load pump,,,b509,0d9e00,value,,UCH,,%,
# Regler-Freigaben (Sub 03), NUR lesend -- zeigen, ob der sensoCOMFORT den
# eloBlock freigibt. Schreiben waere die PV-Ueberschuss-Steuerung, birgt aber
# Konflikt mit dem Regler am geteilten Bus -> vorerst nicht schreibbar.
r,,,HeatingSwitch,d.23 wintermode active,,,b509,0df203,value,,UCH,0=off;1=on,,
r,,,HwcSwitch,DHW on/off,,,b509,0df303,value,,UCH,0=off;1=on,,
# --- Elektro-Register auf Sub 02/03, am VE24 verifiziert (Gfermoto/Vaillant #1)
# D.155 aktuelle Leistung als 9-Bit-Relais-Bitmaske: popcount(Wert) x 2 = kW.
# ebusd kann kein popcount -> Rohwert hier, kW per HA-Template.
r1,,,RelayBitmask,d.155 active relay bitmask,,,b509,0d4003,value,,UIN,,,popcount x 2 = current kW
# Leistungsbegrenzer (laut #1 schreibbar; hier NUR lesend -- Schreiben erst nach
# Test wegen Regler am geteilten Bus).
r,,,PowerLimiterPhase,d.152 power limiter phase,,,b509,0d3703,value,,UCH,0=nolimit;1=phase1;2=phase2;3=phase3;4=allphases,,
r,,,PowerLimiterValue,d.153 power limiter reduction,,,b509,0d3803,value,,UIN,100,kW,subtracted from max power
# --- Langsam veraenderlich ---------------------------------------------------
r,,,WaterPressure,water pressure,,,b509,0d0200,value,,FLT,,bar,pressure,ign,,IGN:1,,,
r,,,Templimiter,temperature limiter,,,b509,0d7700,value,,UCH,240=off;15=on,,
r,,,Currenterror,current errors,,,b503,0001,error,,UIN,,,error number,error_1,,UIN,,,error number,error_2,,UIN,,,error number,error_3,,UIN,,,error number,error_4,,UIN,,,error number
# --- Betriebszaehler: gefunden auf Sub 03 (Gfermoto/Vaillant #1) --------------
# Die Gaskessel-Adressen 0d28/29/22/23 (Sub 00) lieferten 0 = FALSCHE Adressen.
# Echt: D.80 Heizstunden liegt auf Sub 03 (3A03), am VE24 verifiziert = 45 h.
# 3B03/3C03/3D03 (Nachbarn) am VE24 geprueft = alle 0 und falsche Byte-Breite ->
# NICHT D.81/82/83. Die Karte laeuft nicht sequenziell; weitere Zaehler unbekannt.
# D.80 ist der einzige belastbare Zaehler (WW macht die WP -> D.81/83 ohnehin 0).
r,,,HcHours,d.80 heating operation hours,,,b509,0d3a03,value,,UIN,,h,central heating operation hours
r,,,TemplimiterCutoffs,d.60 safety limiter cut offs,,,b509,0d2000,value,,UCH,,,
# --- Einstellungen / Typschild (praktisch konstant) --------------------------
r,,,PartloadHcKW,d.00 heating partload,,,b509,0d6c00,value,,UCH,,kW,heating part load
# PartloadHwcKW: Lesen (0da900) + Schreiben (0ea900). WICHTIG: ebusd verwirft in
# der Scan-Config eine Schreibnachricht STILL, wenn sie Circuit+Name einer schon
# geladenen Lesenachricht teilt -> daher braucht der Setter einen eigenen Namen.
# ACHTUNG: am geteilten Koppler-Bus kann der sensoCOMFORT den Wert ueberschreiben.
r,,,PartloadHwcKW,d.77 hot water partload,,,b509,0da900,value,,UCH,,kW,storage charging power
w,elo,install,PartloadHwcKWSet,d.77 set hot water partload,,,b509,0ea900,value,,UCH,,kW,storage charging power
# HwcTemp entfernt: unser 0d0100 war NICHT die DHW-Temperatur. Echtes d.03 liegt
# laut Akeebaby bei 0d1600 (bei uns 0 = kein Fuehler); Ist-Speichertemp via ctlv3.
#r,,,HwcTemp,d.03 DHW temperature,,,b509,0d0100,value,,D2C,,°C,temperature
# unbestaetigt: Akeebaby verortet d.20 bei 0d4304; unser 0dd900 (=70) ist ungeklaert.
r,,,HwcTempMax,d.20 max tank setpoint (unverifiziert),,,b509,0dd900,value,,D2C,,°C,temperature
# --- unverifiziert: nicht in Akeebabys #254-Karte, Werte plausibel, Labels aber
#     Community-Rateschaetzung (evtl. Gaskessel-Register) ------------------------
r,,,AntiCondensValue,d.85 minimal power (unverifiziert),,,b509,0dec00,value,,UCH,,kW,
r,,,HcPumpMode,d.18 pump mode (unverifiziert),,,b509,0db700,value,,UCH,0=post_run;1=permanent;2=winter;3=eco,,
r,,,BlockTimeHcMax,d.02 max blocking time (unverifiziert),,,b509,0d2100,value,,UCH,,min,minutes
r,,,EBusHeatcontrol,d.90 digital control recognized (unverifiziert),,,b509,0d7400,value,,UCH,0=no;1=yes,,
r,,,WarmstartEnable,d.66 warmstart (unverifiziert),,,b509,0d5b00,value,,UCH,0=off;1=on,,
r,,,CirPump,d.13 circulation pump,,,b509,0d7b00,value,,UCH,0=off;1=on,,
r,,,BoilerType,boiler type,,,b509,0d5e00,value,,UCH,,,
r,,,DSN,device specific number,,,b509,0d9a00,value,,UIN,,,
r,,,EbusVoltage,eBUS source feedback,,,b509,0d7f00,value,,UCH,0=off;1=on,,
